Title,Location,Posted,Application Link
Mortgage Financing Advisor - (Pulte Mortgage),"Bluffton, South Carolina",Posted 2 Days Ago,https://pultegroup.wd1.myworkdayjobs.com/job/Bluffton-South-Carolina/Mortgage-Financing-Advisor----Pulte-Mortgage-_JR7353
Coordinator People & Culture,2 Locations,Posted 2 Days Ago,https://pultegroup.wd1.myworkdayjobs.com/job/Atlanta-GA/Coordinator-People---Culture_JR7227
Construction Manager,"Sunbury, Ohio",Posted 2 Days Ago,https://pultegroup.wd1.myworkdayjobs.com/job/Sunbury-Ohio/Construction-Manager_JR7351
Hurricane Tie-Down Installer,"Jacksonville, FL",Posted 2 Days Ago,https://pultegroup.wd1.myworkdayjobs.com/job/Jacksonville-FL/Hurricane-Tie-Down-Installer_JR7350
Construction Manager,"Jacksonville, FL",Posted 2 Days Ago,https://pultegroup.wd1.myworkdayjobs.com/job/Jacksonville-FL/Construction-Manager_JR7349-1
2nd Shift Industrial Maintenance Mechanic,"Green Cove Springs, FL",Posted 2 Days Ago,https://pultegroup.wd1.myworkdayjobs.com/job/Green-Cove-Springs-FL/XMLNAME-2nd-Shift-Industrial-Maintenance-Mechanic_JR7348
Sales Consultant,"Greenwood Village, Colorado",Posted 3 Days Ago,https://pultegroup.wd1.myworkdayjobs.com/job/Greenwood-Village-Colorado/Sales-Consultant_JR7074
"Marketing Coordinator - Austin, TX","Austin, TX",Posted 3 Days Ago,https://pultegroup.wd1.myworkdayjobs.com/job/Austin-TX/Marketing-Coordinator---Austin--TX_JR7347
Host II,"Riverview, FL",Posted 3 Days Ago,https://pultegroup.wd1.myworkdayjobs.com/job/Riverview-FL/Host-II_JR6809
Sales Associate,"Riverview, FL",Posted 3 Days Ago,https://pultegroup.wd1.myworkdayjobs.com/job/Riverview-FL/Sales-Associate_JR6808
"Customer Care Manager II - Brentwood, TN","Brentwood, TN",Posted 3 Days Ago,https://pultegroup.wd1.myworkdayjobs.com/job/Brentwood-TN/Customer-Care-Manager-II---Brentwood--TN_JR7346
Resource Scheduling Coordinator,"Orlando, FL",Posted 3 Days Ago,https://pultegroup.wd1.myworkdayjobs.com/job/Orlando-FL/Resource-Scheduling-Coordinator_JR7344
New Home Sales Consultant,"Medina, OH",Posted 3 Days Ago,https://pultegroup.wd1.myworkdayjobs.com/job/Medina-OH/New-Home-Sales-Consultant_JR7342
Escrow Officer (PGP Title),"Houston, TX",Posted 4 Days Ago,https://pultegroup.wd1.myworkdayjobs.com/job/Houston-TX/Escrow-Officer--PGP-Title-_JR6956
Customer Care Manager II,"Bridgewater TWP, New Jersey",Posted 4 Days Ago,https://pultegroup.wd1.myworkdayjobs.com/job/Bridgewater-TWP-New-Jersey/Customer-Care-Manager-II_JR7341
Procurement Coordinator,"Alpharetta, GA",Posted 4 Days Ago,https://pultegroup.wd1.myworkdayjobs.com/job/Alpharetta-GA/Procurement-Coordinator_JR7338
"Market Intelligence Analyst/Land Analyst - Myrtle Beach, SC","Myrtle Beach, SC",Posted 4 Days Ago,https://pultegroup.wd1.myworkdayjobs.com/job/Myrtle-Beach-SC/Market-Intelligence-Analyst-Land-Analyst---Myrtle-Beach--SC_JR7336
Director National Real Estate,"Atlanta, GA",Posted 4 Days Ago,https://pultegroup.wd1.myworkdayjobs.com/job/Atlanta-GA/Director-National-Real-Estate_JR7335-1
Escrow Processor (PGP Title),"Riverview, FL (PGP Title)",Posted 4 Days Ago,https://pultegroup.wd1.myworkdayjobs.com/job/Riverview-FL-PGP-Title/Escrow-Processor--PGP-Title-_JR7334-1
Commercial Escrow Officer (PGP Title),"Coppell, TX",Posted 4 Days Ago,https://pultegroup.wd1.myworkdayjobs.com/job/Coppell-TX/Commercial-Escrow-Officer--PGP-Title-_JR7332
Escrow Manager (PGP Title),"Jacksonville, FL",Posted 5 Days Ago,https://pultegroup.wd1.myworkdayjobs.com/job/Jacksonville-FL/Escrow-Manager--PGP-Title-_JR7326
"Host II - San Antonio, TX","San Antonio, TX",Posted 6 Days Ago,https://pultegroup.wd1.myworkdayjobs.com/job/San-Antonio-TX/Host-II---San-Antonio--TX_JR7321
"Host II - San Antonio, TX","San Antonio, TX",Posted 6 Days Ago,https://pultegroup.wd1.myworkdayjobs.com/job/San-Antonio-TX/Host-II---San-Antonio--TX_JR7322
Resource Scheduling Coordinator,"Cary, NC",Posted 6 Days Ago,https://pultegroup.wd1.myworkdayjobs.com/job/Cary-NC/Resource-Scheduling-Coordinator_JR7307
"Resource Scheduling Expeditor - Cary, NC","Cary, NC",Posted 6 Days Ago,https://pultegroup.wd1.myworkdayjobs.com/job/Cary-NC/Resource-Scheduling-Expeditor---Cary--NC_JR7323
Insurance Sales Agent (Pulte Insurance Agency),"Coppell, TX",Posted 6 Days Ago,https://pultegroup.wd1.myworkdayjobs.com/job/Coppell-TX/Insurance-Sales-Agent--Pulte-Insurance-Agency-_JR7305
Mortgage Branch Manager (Pulte Mortgage),"Austin, TX",Posted 6 Days Ago,https://pultegroup.wd1.myworkdayjobs.com/job/Austin-TX/Mortgage-Branch-Manager--Pule-Mortgage-_JR7302-1
Manager Land Planning & Entitlements,"Orlando, FL",Posted 6 Days Ago,https://pultegroup.wd1.myworkdayjobs.com/job/Orlando-FL/Manager-Land-Planning---Entitlements_JR7318-1
"Land Project Manager - Austin, TX","Austin, TX",Posted 6 Days Ago,https://pultegroup.wd1.myworkdayjobs.com/job/Austin-TX/Land-Project-Manager---Austin--TX_JR7313
Sales Consultant (Dallas Area),"Alpharetta, GA",Posted 6 Days Ago,https://pultegroup.wd1.myworkdayjobs.com/job/Alpharetta-GA/Sales-Consultant--Dallas-Area-_JR7312
"General Sales Manager - Charleston, SC","North Charleston, SC",Posted 9 Days Ago,https://pultegroup.wd1.myworkdayjobs.com/job/North-Charleston-SC/General-Sales-Manager---Charleston--SC_JR7234
Security Engineer,2 Locations,Posted 9 Days Ago,https://pultegroup.wd1.myworkdayjobs.com/job/Tempe-AZ/Security-Engineer_JR7310
Assistant Construction Manager,"Bloomington, MN",Posted 9 Days Ago,https://pultegroup.wd1.myworkdayjobs.com/job/Bloomington-MN/Assistant-Construction-Manager_JR7304
Customer Care Manager II (Cumming Area),"Alpharetta, GA",Posted 9 Days Ago,https://pultegroup.wd1.myworkdayjobs.com/job/Alpharetta-GA/Customer-Care-Manager-II--Cumming-Area-_JR7215
Front Desk Office Assistant,"Scottsdale, AZ",Posted 10 Days Ago,https://pultegroup.wd1.myworkdayjobs.com/job/Scottsdale-AZ/Administrative-Assistant-II_JR7047
Senior Analyst - CX,2 Locations,Posted 10 Days Ago,https://pultegroup.wd1.myworkdayjobs.com/job/Tempe-AZ/Senior-Analyst---CX_JR7299
Host II (Ft. Myers Area),"Bonita Springs, FL",Posted 10 Days Ago,https://pultegroup.wd1.myworkdayjobs.com/job/Bonita-Springs-FL/Host-II--Ft-Myers-Area-_JR7297
"Procurement Coordinator - Charlotte, NC","Charlotte, NC",Posted 10 Days Ago,https://pultegroup.wd1.myworkdayjobs.com/job/Charlotte-NC/Procurement-Coordinator---Charlotte--NC_JR7296
Land Development Manager,"Bonita Springs, FL",Posted 11 Days Ago,https://pultegroup.wd1.myworkdayjobs.com/job/Bonita-Springs-FL/Land-Development-Manager_JR7294-1
Closing Coordinator,"Schaumburg, IL",Posted 11 Days Ago,https://pultegroup.wd1.myworkdayjobs.com/job/Schaumburg-IL/Closing-Coordinator_JR7267
Assistant Construction Manager,"Schaumburg, IL",Posted 11 Days Ago,https://pultegroup.wd1.myworkdayjobs.com/job/Schaumburg-IL/Assistant-Construction-Manager_JR7292
Sales Consultant (Bradenton/Sarasota/Englewood Area),"Bonita Springs, FL",Posted 11 Days Ago,https://pultegroup.wd1.myworkdayjobs.com/job/Bonita-Springs-FL/Sales-Consultant--Bradenton-Sarasota-Englewood-Area-_JR7291
"Sales Consultant - Columbia, SC","Columbia, SC",Posted 11 Days Ago,https://pultegroup.wd1.myworkdayjobs.com/job/Columbia-SC/Sales-Consultant---Columbia--SC_JR7289-1
New Home Sales Consultant,"Troy, MI",Posted 11 Days Ago,https://pultegroup.wd1.myworkdayjobs.com/job/Troy-MI/New-Home-Sales-Consultant_JR7287
Product Owner,2 Locations,Posted 12 Days Ago,https://pultegroup.wd1.myworkdayjobs.com/job/Atlanta-GA/Product-Owner_JR7270
Scrum Master,2 Locations,Posted 12 Days Ago,https://pultegroup.wd1.myworkdayjobs.com/job/Atlanta-GA/Scrum-Master_JR7284
Branch Coordinator (Pulte Mortgage),"Bonita Springs, FL",Posted 12 Days Ago,https://pultegroup.wd1.myworkdayjobs.com/job/Bonita-Springs-FL/Branch-Coordinator--Pulte-Mortgage-_JR7283
Project Administrator,"Jacksonville, FL",Posted 12 Days Ago,https://pultegroup.wd1.myworkdayjobs.com/job/Jacksonville-FL/Project-Administrator_JR7281
Virtual Customer Care Manager,"Carmel, IN",Posted 12 Days Ago,https://pultegroup.wd1.myworkdayjobs.com/job/Carmel-IN/Virtual-Customer-Care-Manager_JR7279
Branch Coordinator (Pulte Mortgage),"North Charleston, SC",Posted 12 Days Ago,https://pultegroup.wd1.myworkdayjobs.com/job/North-Charleston-SC/Branch-Coordinator--Pulte-Mortgage-_JR7278
New Home Sales Consultant,"Dublin, OH",Posted 12 Days Ago,https://pultegroup.wd1.myworkdayjobs.com/job/Dublin-OH/Sales-Consultant_JR7277
Land Acquisition Manager,"Medina, OH",Posted 12 Days Ago,https://pultegroup.wd1.myworkdayjobs.com/job/Medina-OH/Land-Acquisition-Manager_JR7274
"Land Coordinator - San Antonio, TX","San Antonio, TX",Posted 12 Days Ago,https://pultegroup.wd1.myworkdayjobs.com/job/San-Antonio-TX/Land-Coordinator---San-Antonio--TX_JR7273-1
"Land Aquisition Manager - San Antonio, TX","San Antonio, TX",Posted 12 Days Ago,https://pultegroup.wd1.myworkdayjobs.com/job/San-Antonio-TX/Land-Aquisition-Manager---San-Antonio--TX_JR7272
Customer Care Manager II,"West Palm Beach, FL",Posted 12 Days Ago,https://pultegroup.wd1.myworkdayjobs.com/job/West-Palm-Beach-FL/Customer-Care-Manager-II_JR7271
Product Owner,2 Locations,Posted 12 Days Ago,https://pultegroup.wd1.myworkdayjobs.com/job/Atlanta-GA/Product-Owner_JR7268-1
Procurement Agent,"West Palm Beach, FL",Posted 13 Days Ago,https://pultegroup.wd1.myworkdayjobs.com/job/West-Palm-Beach-FL/Procurement-Agent_JR7264
Construction Manager,"Riverview, FL",Posted 13 Days Ago,https://pultegroup.wd1.myworkdayjobs.com/job/Riverview-FL/Construction-Manager_JR7263
Class A CDL Flatbed Driver,"Florence, SC",Posted 13 Days Ago,https://pultegroup.wd1.myworkdayjobs.com/job/Florence-SC/Class-A-CDL-Flatbed-Driver_JR5512
Senior Software Engineer in Test (SDET) - Pulte Mortgage,"Englewood, CO",Posted 13 Days Ago,https://pultegroup.wd1.myworkdayjobs.com/job/Englewood-CO/Senior-Software-Engineer-in-Test--SDET----Pulte-Mortgage_JR6878-1
Manager Resource Planning,"Albuquerque, NM",Posted 16 Days Ago,https://pultegroup.wd1.myworkdayjobs.com/job/Albuquerque-NM/Manager-Resource-Planning_JR7256
Manager Land Planning & Entitlement,"Bellevue, WA",Posted 16 Days Ago,https://pultegroup.wd1.myworkdayjobs.com/job/Bellevue-WA/Manager-Land-Planning---Entitlement_JR7254
Construction Manager,"Scottsdale, AZ",Posted 16 Days Ago,https://pultegroup.wd1.myworkdayjobs.com/job/Scottsdale-AZ/Construction-Manager_JR7252
1st Shift Component Assembler (Truss),"Florence, SC",Posted 17 Days Ago,https://pultegroup.wd1.myworkdayjobs.com/job/Florence-SC/XMLNAME-1st-Shift-Component-Assembler--Truss-_JR7246-1
"Procurement Agent - Houston, TX","Houston, TX",Posted 17 Days Ago,https://pultegroup.wd1.myworkdayjobs.com/job/Houston-TX/Procurement-Agent---Houston--TX_JR6948
Director Product Management,"Atlanta, GA",Posted 17 Days Ago,https://pultegroup.wd1.myworkdayjobs.com/job/Atlanta-GA/Director-Project-Management_JR6994
"Sales Administrator - Coppell, TX","Coppell, TX",Posted 17 Days Ago,https://pultegroup.wd1.myworkdayjobs.com/job/Coppell-TX/Sales-Administrator---Coppell--TX_JR5849
Design Team Leader,"Jacksonville, FL",Posted 17 Days Ago,https://pultegroup.wd1.myworkdayjobs.com/job/Jacksonville-FL/Design-Team-Leader_JR7244
"Assistant Construction Manager - Nashville, TN","Brentwood, TN",Posted 17 Days Ago,https://pultegroup.wd1.myworkdayjobs.com/job/Brentwood-TN/Assistant-Construction-Manager---Nashville--TN_JR7243
Superintendent,Charleston Svc Center (ICG),Posted 17 Days Ago,https://pultegroup.wd1.myworkdayjobs.com/job/Charleston-Svc-Center-ICG/Superintendent_JR7194
IT Manager,"Atlanta, GA",Posted 18 Days Ago,https://pultegroup.wd1.myworkdayjobs.com/job/Atlanta-GA/IT-Manager_JR7235
"Sales Consultant - Manteca, CA","Pleasanton, CA",Posted 19 Days Ago,https://pultegroup.wd1.myworkdayjobs.com/job/Pleasanton-CA/Sales-Consultant---Manteca--CA_JR6764
Sales Administrator,"Jacksonville, FL",Posted 19 Days Ago,https://pultegroup.wd1.myworkdayjobs.com/job/Jacksonville-FL/Sales-Administrator_JR7228
Field Support Engineer I,"Atlanta, GA",Posted 20 Days Ago,https://pultegroup.wd1.myworkdayjobs.com/job/Atlanta-GA/Field-Support-Engineer-I_JR7224
Online Sales Specialist,"Jacksonville, FL",Posted 20 Days Ago,https://pultegroup.wd1.myworkdayjobs.com/job/Jacksonville-FL/Online-Sales-Specialist_JR7223
"Division Product Manager - Charleston, SC","North Charleston, SC",Posted 20 Days Ago,https://pultegroup.wd1.myworkdayjobs.com/job/North-Charleston-SC/Division-Product-Manager---Charleston--SC_JR7217
"Land Acquisition Manager - Houston, TX","Houston, TX",Posted 23 Days Ago,https://pultegroup.wd1.myworkdayjobs.com/job/Houston-TX/Land-Acquisition-Manager---Houston--TX_JR7094-1
"Project Manager Land Acquisition - Houston, TX","Houston, TX",Posted 23 Days Ago,https://pultegroup.wd1.myworkdayjobs.com/job/Houston-TX/Project-Manager-Land-Acquisition---Houston--TX_JR7093
"Director of Land Planning & Entitlement - Houston, TX","Houston, TX",Posted 23 Days Ago,https://pultegroup.wd1.myworkdayjobs.com/job/Houston-TX/Director-of-Land-Planning---Entitlement---Houston--TX_JR7095
"Resource Scheduling Coordinator - Charleston, SC","North Charleston, SC",Posted 24 Days Ago,https://pultegroup.wd1.myworkdayjobs.com/job/North-Charleston-SC/Resource-Scheduling-Coordinator---Charleston--SC_JR7212-1
Director People & Culture,3 Locations,Posted 24 Days Ago,https://pultegroup.wd1.myworkdayjobs.com/job/Mission-Viejo-California-Los-Altos/Director-People---Culture_JR7198
CAD Technician,"Schaumburg, IL",Posted 24 Days Ago,https://pultegroup.wd1.myworkdayjobs.com/job/Schaumburg-IL/CAD-Technician_JR7210
Field Support Engineer I,"Riverview, FL",Posted 25 Days Ago,https://pultegroup.wd1.myworkdayjobs.com/job/Riverview-FL/Field-Support-Engineer-I_JR7209
2nd Shift Component Assembler (Panel),"Florence, SC",Posted 25 Days Ago,https://pultegroup.wd1.myworkdayjobs.com/job/Florence-SC/XMLNAME-2nd-Shift-Component-Assembler--Panel-_JR6591
Senior Full Stack Developer (PulteMortgage),"Englewood, CO",Posted 25 Days Ago,https://pultegroup.wd1.myworkdayjobs.com/job/Englewood-CO/Senior-Full-Stack-Developer--PulteMortgage-_JR7023
"NSS Accounting Intern - Atlanta, Ga","Atlanta, GA",Posted 25 Days Ago,https://pultegroup.wd1.myworkdayjobs.com/job/Atlanta-GA/NSS-Intern---Atlanta--Ga_JR6642
Construction Manager,"Salt Lake City, UT",Posted 26 Days Ago,https://pultegroup.wd1.myworkdayjobs.com/job/Salt-Lake-City-UT/Construction-Manager_JR7207
Procurement Agent,"Albuquerque, NM",Posted 26 Days Ago,https://pultegroup.wd1.myworkdayjobs.com/job/Albuquerque-NM/Procurement-Agent_JR7206
Division Controller I,"Bellevue, WA",Posted 26 Days Ago,https://pultegroup.wd1.myworkdayjobs.com/job/Bellevue-WA/Division-Controller-I_JR7205-1
Land Project Manager,"Bellevue, WA",Posted 26 Days Ago,https://pultegroup.wd1.myworkdayjobs.com/job/Bellevue-WA/Land-Project-Manager_JR7204
Material Handler,Myrtle Beach Svc Center (ICG),Posted 26 Days Ago,https://pultegroup.wd1.myworkdayjobs.com/job/Myrtle-Beach-Svc-Center-ICG/Material-Handler_JR7203
Superintendent,"Savannah (ICG), Georgia",Posted 26 Days Ago,https://pultegroup.wd1.myworkdayjobs.com/job/Savannah-ICG-Georgia/Superintendent_JR7195
Escrow Branch Manager (PGP Title),"San Antonio, TX",Posted 26 Days Ago,https://pultegroup.wd1.myworkdayjobs.com/job/San-Antonio-TX/Branch-Manager--PGP-Title-_JR6954
"Sales Consultant - Wilmington, NC","Wilmington, NC",Posted 26 Days Ago,https://pultegroup.wd1.myworkdayjobs.com/job/Wilmington-NC/Sales-Consultant---Wilmington--NC_JR6965
Mortgage Branch Manager - (Pulte Mortgage),"Charlotte, NC",Posted 27 Days Ago,https://pultegroup.wd1.myworkdayjobs.com/job/Charlotte-NC/Mortgage-Branch-Manager----Pulte-Mortgage-_JR6971
"Division Assistant Controller - Houston, TX","Houston, TX",Posted 27 Days Ago,https://pultegroup.wd1.myworkdayjobs.com/job/Houston-TX/Division-Assistant-Controller---Houston--TX_JR7201
"Online Sales Specialist - Raleigh, NC","Cary, NC",Posted 27 Days Ago,https://pultegroup.wd1.myworkdayjobs.com/job/Cary-NC/Online-Sales-Specialist---Raleigh--NC_JR6100-1
General Sales Manager,"Jacksonville, FL",Posted 27 Days Ago,https://pultegroup.wd1.myworkdayjobs.com/job/Jacksonville-FL/General-Sales-Manager_JR7199
Design Center Consultant,"Schaumburg, IL",Posted 27 Days Ago,https://pultegroup.wd1.myworkdayjobs.com/job/Schaumburg-IL/Design-Center-Consultant_JR6663-1
"Sales Consultant - Houston, TX","Houston, TX",Posted 30 Days Ago,https://pultegroup.wd1.myworkdayjobs.com/job/Houston-TX/Sales-Consultant---Houston--TX_JR6946
"General Sales Manager - Wilmington, NC","Wilmington, NC",Posted 30 Days Ago,https://pultegroup.wd1.myworkdayjobs.com/job/Wilmington-NC/General-Sales-Manager---Wilmington--NC_JR7191
Sales Consultant,"Ocala, FL",Posted 30 Days Ago,https://pultegroup.wd1.myworkdayjobs.com/job/Ocala-FL/Sales-Consultant_JR7190
Assistant Escrow Officer (PGP Title),"Greenwood Village, Colorado",Posted 30 Days Ago,https://pultegroup.wd1.myworkdayjobs.com/job/Greenwood-Village-Colorado/Assistant-Escrow-Officer--PGP-Title-_JR7171
New Home Sales Consultant,"Westborough, MA",Posted 30 Days Ago,https://pultegroup.wd1.myworkdayjobs.com/job/Westborough-MA/New-Home-Sales-Consultant_JR7181
Selling Sales Manager,"Westborough, MA",Posted 30 Days Ago,https://pultegroup.wd1.myworkdayjobs.com/job/Westborough-MA/Selling-Sales-Manager_JR7165
Customer Care Manager II,"Schaumburg, IL",Posted 30+ Days Ago,https://pultegroup.wd1.myworkdayjobs.com/job/Schaumburg-IL/Customer-Care-Manager-II_JR7187
Director Market Intelligence,"Scottsdale, AZ",Posted 30+ Days Ago,https://pultegroup.wd1.myworkdayjobs.com/job/Scottsdale-AZ/Director-Market-Intelligence_JR7168
"Land Development Manager - Myrtle Beach, SC","Myrtle Beach, SC",Posted 30+ Days Ago,https://pultegroup.wd1.myworkdayjobs.com/job/Myrtle-Beach-SC/Land-Development-Manager---Myrtle-Beach--SC_JR7184
"Sales Consultant - San Antonio, TX","San Antonio, TX",Posted 30+ Days Ago,https://pultegroup.wd1.myworkdayjobs.com/job/San-Antonio-TX/Sales-Consultant---San-Antonio--TX_JR7176
Division Staff Accountant,"Las Vegas, NV",Posted 30+ Days Ago,https://pultegroup.wd1.myworkdayjobs.com/job/Las-Vegas-NV/Division-Staff-Accountant_JR7170
Loan Consultant Trainee - (Pulte Mortgage),"Englewood, CO",Posted 30+ Days Ago,https://pultegroup.wd1.myworkdayjobs.com/job/Englewood-CO/Loan-Consultant-Trainee----Pulte-Mortgage-_JR7091
Sales Consultant - Southeast Valley,"Scottsdale, Arizona",Posted 30+ Days Ago,https://pultegroup.wd1.myworkdayjobs.com/job/Scottsdale-Arizona/Sales-Consultant---Southeast-Valley_JR7167
Litigation Manager,3 Locations,Posted 30+ Days Ago,https://pultegroup.wd1.myworkdayjobs.com/job/Atlanta-GA/Litigation-Manager_JR6952
Manager of Market Intelligence,"Fairfax, VA",Posted 30+ Days Ago,https://pultegroup.wd1.myworkdayjobs.com/job/Fairfax-VA/Manager-of-Market-Intelligence_JR7070
"Sales Consultant - Charlotte, NC","Charlotte, NC",Posted 30+ Days Ago,https://pultegroup.wd1.myworkdayjobs.com/job/Charlotte-NC/Sales-Consultant---Charlotte--NC_JR7162
Staff Accountant,"Alpharetta, GA",Posted 30+ Days Ago,https://pultegroup.wd1.myworkdayjobs.com/job/Alpharetta-GA/Staff-Accountant_JR7161-1
Mortgage Financing Advisor - (Pulte Mortgage),"Orlando, FL",Posted 30+ Days Ago,https://pultegroup.wd1.myworkdayjobs.com/job/Orlando-FL/Mortgage-Financing-Advisor----Pulte-Mortgage-_JR7159
"Procurement Agent - Austin, TX","Austin, TX",Posted 30+ Days Ago,https://pultegroup.wd1.myworkdayjobs.com/job/Austin-TX/Procurement-Agent---Austin--TX_JR6999
"Division Senior Accountant - Coppell, TX","Coppell, TX",Posted 30+ Days Ago,https://pultegroup.wd1.myworkdayjobs.com/job/Coppell-TX/Senior-Accountant---Coppell--TX_JR7156
Division Product Agent,"Carmel, IN",Posted 30+ Days Ago,https://pultegroup.wd1.myworkdayjobs.com/job/Carmel-IN/Division-Product-Agent_JR7142
"Procurement Coordinator - Nashville, TN","Brentwood, TN",Posted 30+ Days Ago,https://pultegroup.wd1.myworkdayjobs.com/job/Brentwood-TN/Procurement-Coordinator---Nashville--TN_JR7152
Maintenance Manager,"Florence, SC",Posted 30+ Days Ago,https://pultegroup.wd1.myworkdayjobs.com/job/Florence-SC/Sr-Maintenance-Manager_JR7072-1
Class A CDL Flatbed Driver,Orlando Svc Center (ICG),Posted 30+ Days Ago,https://pultegroup.wd1.myworkdayjobs.com/job/Orlando-Svc-Center-ICG/Class-A-CDL-Flatbed-Driver_JR7145
Escrow Production Manager (PGP Title),"Orlando, FL",Posted 30+ Days Ago,https://pultegroup.wd1.myworkdayjobs.com/job/Orlando-FL/Escrow-Production-Manager--PGP-Title-_JR7143
Construction Manager,"Schaumburg, IL",Posted 30+ Days Ago,https://pultegroup.wd1.myworkdayjobs.com/job/Schaumburg-IL/Construction-Manager_JR7141
"Customer Care Manager II (Covington, GA)","Alpharetta, GA",Posted 30+ Days Ago,https://pultegroup.wd1.myworkdayjobs.com/job/Alpharetta-GA/Customer-Care-Manager-II--Covington--GA-_JR7082
Material Handler,Charleston Svc Center (ICG),Posted 30+ Days Ago,https://pultegroup.wd1.myworkdayjobs.com/job/Charleston-Svc-Center-ICG/Material-Handler_JR7140
"Sales Consultant - San Jose, CA","Pleasanton, CA",Posted 30+ Days Ago,https://pultegroup.wd1.myworkdayjobs.com/job/Pleasanton-CA/Sales-Consultant---San-Jose--CA_JR7139
"Sales Consultant - Manteca, CA","Pleasanton, CA",Posted 30+ Days Ago,https://pultegroup.wd1.myworkdayjobs.com/job/Pleasanton-CA/Sales-Consultant---Manteca--CA_JR7137
Construction Manager,"Scottsdale, AZ",Posted 30+ Days Ago,https://pultegroup.wd1.myworkdayjobs.com/job/Scottsdale-AZ/Construction-Manager_JR7136
Construction Manager,"Scottsdale, AZ",Posted 30+ Days Ago,https://pultegroup.wd1.myworkdayjobs.com/job/Scottsdale-AZ/Construction-Manager_JR7135
Construction Manager,"Pleasanton, CA",Posted 30+ Days Ago,https://pultegroup.wd1.myworkdayjobs.com/job/Pleasanton-CA/Construction-Manager_JR7134
2nd Shift Component Assembler - Truss,"Florence, SC",Posted 30+ Days Ago,https://pultegroup.wd1.myworkdayjobs.com/job/Florence-SC/XMLNAME-2nd-Shift-Component-Assembler---Truss_JR6691
Escrow Manager - (CA) (PGP Escrow),"Pleasanton, CA",Posted 30+ Days Ago,https://pultegroup.wd1.myworkdayjobs.com/job/Pleasanton-CA/Escrow-Manager----CA---PGP-Escrow-_JR7119
"Sales Administrator - Savannah, GA","Savannah, GA",Posted 30+ Days Ago,https://pultegroup.wd1.myworkdayjobs.com/job/Savannah-GA/Sales-Administrator---Savannah--GA_JR7112
Vice President of Finance,"Bloomington, MN",Posted 30+ Days Ago,https://pultegroup.wd1.myworkdayjobs.com/job/Bloomington-MN/Vice-President-of-Finance_JR7109
Vice President of Finance,"Dublin, OH",Posted 30+ Days Ago,https://pultegroup.wd1.myworkdayjobs.com/job/Dublin-OH/Division-VP-of-Finance_JR7024
"Sales Consultant - Charlotte, NC","Charlotte, NC",Posted 30+ Days Ago,https://pultegroup.wd1.myworkdayjobs.com/job/Charlotte-NC/Sales-Consultant---Charlotte--NC_JR7110
"Online Sales Specialist - Coppell, TX","Coppell, TX",Posted 30+ Days Ago,https://pultegroup.wd1.myworkdayjobs.com/job/Coppell-TX/Online-Sales-Specialist---Coppell--TX_JR7106
Project Manager Land Acquisition,"Greenville, SC",Posted 30+ Days Ago,https://pultegroup.wd1.myworkdayjobs.com/job/Greenville-SC/Project-Manager-Land-Acquisition_JR7102
Executive Administrative Assistant (PGP Title),"Coppell, TX",Posted 30+ Days Ago,https://pultegroup.wd1.myworkdayjobs.com/job/Coppell-TX/Executive-Administrative-Assistant--PGP-Title-_JR7099
Architectural Project Manager,"Salt Lake City, UT",Posted 30+ Days Ago,https://pultegroup.wd1.myworkdayjobs.com/job/Salt-Lake-City-UT/Project-Manager--ZONE-_JR7009
Architectural Project Manager,"Scottsdale, AZ",Posted 30+ Days Ago,https://pultegroup.wd1.myworkdayjobs.com/job/Scottsdale-AZ/Production-Manager--ZONE-_JR6979-1
Architectural Sr. Residential Draftperson,"Scottsdale, AZ",Posted 30+ Days Ago,https://pultegroup.wd1.myworkdayjobs.com/job/Scottsdale-AZ/Senior-Residential-Draftperson_JR6968
Customer Care Manager II,"Westborough, MA",Posted 30+ Days Ago,https://pultegroup.wd1.myworkdayjobs.com/job/Westborough-MA/Customer-Care-Manager-II_JR7081
"Host - Lathrop, CA (Part-time)","Pleasanton, CA",Posted 30+ Days Ago,https://pultegroup.wd1.myworkdayjobs.com/job/Pleasanton-CA/Host---Lathrop--CA_JR7073
Class A CDL Flatbed Driver,"Savannah (ICG), Georgia",Posted 30+ Days Ago,https://pultegroup.wd1.myworkdayjobs.com/job/Savannah-ICG-Georgia/Class-A-CDL-Flatbed-Driver_JR7077
Construction Manager,"Albuquerque, NM",Posted 30+ Days Ago,https://pultegroup.wd1.myworkdayjobs.com/job/Albuquerque-NM/Construction-Manager_JR7076
Class A CDL Flatbed Driver,Charleston Svc Center (ICG),Posted 30+ Days Ago,https://pultegroup.wd1.myworkdayjobs.com/job/Charleston-Svc-Center-ICG/Class-A-CDL-Flatbed-Driver_JR7075
Sales Consultant,"Bonita Springs, FL",Posted 30+ Days Ago,https://pultegroup.wd1.myworkdayjobs.com/job/Bonita-Springs-FL/Sales-Consultant_JR7071
Sales Consultant (Fort Myers Area),"Bonita Springs, FL",Posted 30+ Days Ago,https://pultegroup.wd1.myworkdayjobs.com/job/Bonita-Springs-FL/Sales-Consultant--Fort-Myers-Area-_JR6949
Director Land Development,"Scottsdale, AZ",Posted 30+ Days Ago,https://pultegroup.wd1.myworkdayjobs.com/job/Scottsdale-AZ/Director-Land-Development_JR7057
"Assistant Construction Manager - Charlotte, NC","Charlotte, NC",Posted 30+ Days Ago,https://pultegroup.wd1.myworkdayjobs.com/job/Charlotte-NC/Assistant-Construction-Manager---Charlotte--NC_JR7054
Sales Consultant,"Alpharetta, GA",Posted 30+ Days Ago,https://pultegroup.wd1.myworkdayjobs.com/job/Alpharetta-GA/Sales-Consultant_JR7041
Escrow Officer (PGPTitle),"Basking Ridge, NJ",Posted 30+ Days Ago,https://pultegroup.wd1.myworkdayjobs.com/job/Basking-Ridge-NJ/Escrow-Officer--PGPTitle-_JR7043
Manager Land Acquisition,"Mission Viejo, CA",Posted 30+ Days Ago,https://pultegroup.wd1.myworkdayjobs.com/job/Mission-Viejo-CA/Manager-Land-Acquisition_JR7044
Sales Consultant,"Greenville, SC",Posted 30+ Days Ago,https://pultegroup.wd1.myworkdayjobs.com/job/Greenville-SC/Sales-Consultant_JR3975
Marketing Coordinator,"Riverview, FL",Posted 30+ Days Ago,https://pultegroup.wd1.myworkdayjobs.com/job/Riverview-FL/Marketing-Coordinator_JR6678-1
Customer Care Manager II,"Scottsdale, AZ",Posted 30+ Days Ago,https://pultegroup.wd1.myworkdayjobs.com/job/Scottsdale-AZ/Customer-Care-Manager-II_JR7031-1
Manager of Market Intelligence,"Dublin, OH",Posted 30+ Days Ago,https://pultegroup.wd1.myworkdayjobs.com/job/Dublin-OH/Manager-of-Market-Intelligence_JR7025
Procurement Agent,"Carmel, IN",Posted 30+ Days Ago,https://pultegroup.wd1.myworkdayjobs.com/job/Carmel-IN/Procurement-Agent_JR7022
"Procurement Coordinator - Houston, TX","Houston, TX",Posted 30+ Days Ago,https://pultegroup.wd1.myworkdayjobs.com/job/Houston-TX/Procurement-Coordinator---Houston--TX_JR7021-1
New Home Sales Consultant,"Carmel, IN",Posted 30+ Days Ago,https://pultegroup.wd1.myworkdayjobs.com/job/Carmel-IN/New-Home-Sales-Consultant_JR7018
Operations Manager,Myrtle Beach Svc Center (ICG),Posted 30+ Days Ago,https://pultegroup.wd1.myworkdayjobs.com/job/Myrtle-Beach-Svc-Center-ICG/Operations-Manager_JR7010
Construction Manager,"Mission Viejo, CA",Posted 30+ Days Ago,https://pultegroup.wd1.myworkdayjobs.com/job/Mission-Viejo-CA/Construction-Manager_JR7007-1
Assistant Controller,"Mission Viejo, CA",Posted 30+ Days Ago,https://pultegroup.wd1.myworkdayjobs.com/job/Mission-Viejo-CA/Assistant-Controller_JR6863
Senior Procurement Agent,"West Palm Beach, FL",Posted 30+ Days Ago,https://pultegroup.wd1.myworkdayjobs.com/job/West-Palm-Beach-FL/Senior-Procurement-Agent_JR6993
General Sales Manager,"Riverview, FL",Posted 30+ Days Ago,https://pultegroup.wd1.myworkdayjobs.com/job/Riverview-FL/General-Sales-Manager_JR6990
Construction Manager,"Louisville, KY",Posted 30+ Days Ago,https://pultegroup.wd1.myworkdayjobs.com/job/Louisville-KY/Construction-Manager_JR6960
Construction Manager,"Carmel, IN",Posted 30+ Days Ago,https://pultegroup.wd1.myworkdayjobs.com/job/Carmel-IN/Construction-Manager_JR6986
NSS Staff Accountant I,"Atlanta, GA",Posted 30+ Days Ago,https://pultegroup.wd1.myworkdayjobs.com/job/Atlanta-GA/NSS-Staff-Accountant-I_JR6958
Sales Consultant (Henry County),"Alpharetta, GA",Posted 30+ Days Ago,https://pultegroup.wd1.myworkdayjobs.com/job/Alpharetta-GA/Sales-Consultant--Henry-County-_JR6959
"Construction Manager - Bluffton, SC","Hilton Head, SC",Posted 30+ Days Ago,https://pultegroup.wd1.myworkdayjobs.com/job/Hilton-Head-SC/Construction-Manager_JR6832
Material Handler,Charleston Svc Center (ICG),Posted 30+ Days Ago,https://pultegroup.wd1.myworkdayjobs.com/job/Charleston-Svc-Center-ICG/Material-Handler_JR6957-1
Sales Consultant (Punta Gorda Area),"Bonita Springs, FL",Posted 30+ Days Ago,https://pultegroup.wd1.myworkdayjobs.com/job/Bonita-Springs-FL/Sales-Consultant--Punta-Gorda-Area-_JR6950
NSS Senior Accountant I,"Atlanta, GA",Posted 30+ Days Ago,https://pultegroup.wd1.myworkdayjobs.com/job/Atlanta-GA/NSS-Senior-Accountant-I_JR6940
Sales Trainee (Griffin Area),"Alpharetta, GA",Posted 30+ Days Ago,https://pultegroup.wd1.myworkdayjobs.com/job/Alpharetta-GA/Sales-Trainee--Griffin-Area-_JR6938
Division Financial Analyst,"Scottsdale, AZ",Posted 30+ Days Ago,https://pultegroup.wd1.myworkdayjobs.com/job/Scottsdale-AZ/Division-Financial-Analyst_JR6930
Division Controller,"Scottsdale, AZ",Posted 30+ Days Ago,https://pultegroup.wd1.myworkdayjobs.com/job/Scottsdale-AZ/Division-Controller_JR6907
2nd Shift - Production Manager,"Florence, SC",Posted 30+ Days Ago,https://pultegroup.wd1.myworkdayjobs.com/job/Florence-SC/XMLNAME-2nd-Shift---Production-Manager_JR6803
Online Sales Specialist,"Westborough, MA",Posted 30+ Days Ago,https://pultegroup.wd1.myworkdayjobs.com/job/Westborough-MA/Online-Sales-Specialist_JR6897
Assistant Construction Manager (Land O Lakes),"Riverview, FL",Posted 30+ Days Ago,https://pultegroup.wd1.myworkdayjobs.com/job/Riverview-FL/Assistant-Construction-Manager--Land-O-Lakes-_JR5070
"General Sales Manager - Nashville, TN","Brentwood, TN",Posted 30+ Days Ago,https://pultegroup.wd1.myworkdayjobs.com/job/Brentwood-TN/General-Sales-Manager---Nashville--TN_JR6872
"Assistant Construction Manager - Columbia, SC","Columbia, SC",Posted 30+ Days Ago,https://pultegroup.wd1.myworkdayjobs.com/job/Columbia-SC/Assistant-Construction-Manager---Columbia--SC_JR6844
Software Developer III - Data,"Atlanta, GA",Posted 30+ Days Ago,https://pultegroup.wd1.myworkdayjobs.com/job/Atlanta-GA/Software-Developer-III---Data_JR6856
Land Planning & Entitlement Manager,"Bridgewater TWP, New Jersey",Posted 30+ Days Ago,https://pultegroup.wd1.myworkdayjobs.com/job/Bridgewater-TWP-New-Jersey/Land-Planning---Entitlement-Manager_JR6853
Division Financial Analyst,"Riverview, FL",Posted 30+ Days Ago,https://pultegroup.wd1.myworkdayjobs.com/job/Riverview-FL/Division-Financial-Analyst_JR6140
Senior Manager Market Intelligence,"Bonita Springs, FL",Posted 30+ Days Ago,https://pultegroup.wd1.myworkdayjobs.com/job/Bonita-Springs-FL/Senior-Manager-Market-Intelligence_JR6799
Virtual Customer Care Manager,"Riverview, FL",Posted 30+ Days Ago,https://pultegroup.wd1.myworkdayjobs.com/job/Riverview-FL/Virtual-Customer-Care-Manager_JR6841
Sales Consultant (Spartanburg Area),"Greenville, SC",Posted 30+ Days Ago,https://pultegroup.wd1.myworkdayjobs.com/job/Greenville-SC/Sales-Consultant--Spartanburg-Area-_JR6037
Division Director Land Acquisition (Ocala Area),"Ocala, FL",Posted 30+ Days Ago,https://pultegroup.wd1.myworkdayjobs.com/job/Ocala-FL/Division-Director-Land-Acquisition--Ocala-Area-_JR6838
Construction Manager,"Las Vegas, NV",Posted 30+ Days Ago,https://pultegroup.wd1.myworkdayjobs.com/job/Las-Vegas-NV/Construction-Manager_JR6819
Market Intelligence Senior Analyst,"Bonita Springs, FL",Posted 30+ Days Ago,https://pultegroup.wd1.myworkdayjobs.com/job/Bonita-Springs-FL/Market-Intelligence-Senior-Analyst_JR6800
Manager Land Acquisition,"Greenville, SC",Posted 30+ Days Ago,https://pultegroup.wd1.myworkdayjobs.com/job/Greenville-SC/Manager-Land-Acquisition_JR6501
Division President,"Salt Lake City, UT",Posted 30+ Days Ago,https://pultegroup.wd1.myworkdayjobs.com/job/Salt-Lake-City-UT/Salt-Lake-City-Division-President_JR6727
Land Project Manager,"Medina, OH",Posted 30+ Days Ago,https://pultegroup.wd1.myworkdayjobs.com/job/Medina-OH/Land-Project-Manager_JR6780
Senior Procurement Agent,"Mission Viejo, CA",Posted 30+ Days Ago,https://pultegroup.wd1.myworkdayjobs.com/job/Mission-Viejo-CA/Senior-Procurement-Agent_JR6773
NSS A/P Lien Coordinator,"Atlanta, GA",Posted 30+ Days Ago,https://pultegroup.wd1.myworkdayjobs.com/job/Atlanta-GA/NSS-A-P-Lien-Coordinator_JR6755
"Procurement Agent - Nashville, TN","Brentwood, TN",Posted 30+ Days Ago,https://pultegroup.wd1.myworkdayjobs.com/job/Brentwood-TN/Procurement-Agent---Nashville--TN_JR6750
"Land Development Manager - Savannah, GA","Savannah, GA",Posted 30+ Days Ago,https://pultegroup.wd1.myworkdayjobs.com/job/Savannah-GA/Land-Development-Manager---Savannah--GA_JR6668-1
Manager Land Acquisition,"Salt Lake City, UT",Posted 30+ Days Ago,https://pultegroup.wd1.myworkdayjobs.com/job/Salt-Lake-City-UT/Manager-Land-Acquisition_JR6732-1
"Manager Land Acquisition - St. George, Utah","Salt Lake City, UT",Posted 30+ Days Ago,https://pultegroup.wd1.myworkdayjobs.com/job/Salt-Lake-City-UT/Manager-Land-Acquisition---St-George--Utah_JR6731
Customer Care Manager (Ocala),"Ocala, FL",Posted 30+ Days Ago,https://pultegroup.wd1.myworkdayjobs.com/job/Ocala-FL/Customer-Care-Manager_JR6687
"Division Product Agent - Myrtle Beach, SC","Myrtle Beach, SC",Posted 30+ Days Ago,https://pultegroup.wd1.myworkdayjobs.com/job/Myrtle-Beach-SC/Division-Product-Agent---Myrtle-Beach--NC_JR6701
Assistant Superintendent,"Savannah, GA",Posted 30+ Days Ago,https://pultegroup.wd1.myworkdayjobs.com/job/Savannah-GA/Assistant-Superintendent_JR5700
"Sales Trainee - Raleigh, NC","Cary, NC",Posted 30+ Days Ago,https://pultegroup.wd1.myworkdayjobs.com/job/Cary-NC/Sales-Trainee---Raleigh--NC_JR6565
"Sales Trainee - Charlotte, NC","Charlotte, NC",Posted 30+ Days Ago,https://pultegroup.wd1.myworkdayjobs.com/job/Charlotte-NC/Sales-Trainee---Charlotte--NC_JR6572
Sales Trainee,"Alpharetta, GA",Posted 30+ Days Ago,https://pultegroup.wd1.myworkdayjobs.com/job/Alpharetta-GA/Sales-Trainee_JR6496
"Land Project Manager - Raleigh, NC","Cary, NC",Posted 30+ Days Ago,https://pultegroup.wd1.myworkdayjobs.com/job/Cary-NC/Land-Project-Manager---Raleigh--NC_JR6490
Area Construction Manager,"Greenville, SC",Posted 30+ Days Ago,https://pultegroup.wd1.myworkdayjobs.com/job/Greenville-SC/Area-Construction-Manager_JR6486
"Sales Consultant - Charlotte, NC","Charlotte, NC",Posted 30+ Days Ago,https://pultegroup.wd1.myworkdayjobs.com/job/Charlotte-NC/Sales-Consultant---Charlotte--NC_JR6475
Sales Consultant (Melbourne/Palm Bay Area),"Orlando, FL",Posted 30+ Days Ago,https://pultegroup.wd1.myworkdayjobs.com/job/Orlando-FL/Sales-Consultant--Melbourne-Palm-Bay-Area-_JR6474
"Sales Consultant - Charlotte, NC","Charlotte, NC",Posted 30+ Days Ago,https://pultegroup.wd1.myworkdayjobs.com/job/Charlotte-NC/Sales-Consultant---Charlotte--NC_JR6473-1
"Sales Consultant - Bluffton/Hilton Head, SC","Bluffton, South Carolina",Posted 30+ Days Ago,https://pultegroup.wd1.myworkdayjobs.com/job/Bluffton-South-Carolina/Sales-Consultant---Bluffton-Hilton-Head--SC_JR6258-1
Manager Growth and Strategic Partnerships,"Atlanta, GA",Posted 30+ Days Ago,https://pultegroup.wd1.myworkdayjobs.com/job/Atlanta-GA/Manager-Growth-and-Strategic-Partnerships_JR5718
"Sales Consultant - Salt Lake City, Utah","Salt Lake City, UT",Posted 30+ Days Ago,https://pultegroup.wd1.myworkdayjobs.com/job/Salt-Lake-City-UT/Sales-Consultant---Salt-Lake-City--Utah_JR6116
Sales Consultant (Bradenton Area),"Bonita Springs, FL",Posted 30+ Days Ago,https://pultegroup.wd1.myworkdayjobs.com/job/Bonita-Springs-FL/Sales-Consultant--Bradenton-Area-_JR6113
Assistant Customer Care Manager,"Myrtle Beach, SC",Posted 30+ Days Ago,https://pultegroup.wd1.myworkdayjobs.com/job/Myrtle-Beach-SC/Assistant-Customer-Care-Manager_JR6103
Lead Punch Carpenter,Myrtle Beach Svc Center (ICG),Posted 30+ Days Ago,https://pultegroup.wd1.myworkdayjobs.com/job/Myrtle-Beach-Svc-Center-ICG/Lead-Punch-Carpenter_JR6086
NSS Senior Accountant I,"Atlanta, GA",Posted 30+ Days Ago,https://pultegroup.wd1.myworkdayjobs.com/job/Atlanta-GA/NSS-Senior-Accountant-I_JR4480-1
Civil Engineering Project Manager,"Alpharetta, GA",Posted 30+ Days Ago,https://pultegroup.wd1.myworkdayjobs.com/job/Alpharetta-GA/Civil-Engineering-Project-Manager_JR5917-1
Land Acquisition Manager,"Riverview, FL",Posted 30+ Days Ago,https://pultegroup.wd1.myworkdayjobs.com/job/Riverview-FL/Land-Acquisition-Manager_JR5736
"Sales Consultant - Hilton Head, SC","Hilton Head, SC",Posted 30+ Days Ago,https://pultegroup.wd1.myworkdayjobs.com/job/Hilton-Head-SC/Sales-Consultant---Hilton-Head--SC_JR5867
Corporate Audit Manager,"Atlanta, GA",Posted 30+ Days Ago,https://pultegroup.wd1.myworkdayjobs.com/job/Atlanta-GA/Corporate-Audit-Manager_JR5545
Closing Coordinator,"Orlando, FL",Posted 30+ Days Ago,https://pultegroup.wd1.myworkdayjobs.com/job/Orlando-FL/Closing-Coordinator_JR5415
Manager Land Acquisition,"Las Vegas, NV",Posted 30+ Days Ago,https://pultegroup.wd1.myworkdayjobs.com/job/Las-Vegas-NV/Manager-Land-Acquisition_JR5683
"Assistant Construction Manager - Savannah, GA","Savannah, GA",Posted 30+ Days Ago,https://pultegroup.wd1.myworkdayjobs.com/job/Savannah-GA/Assistant-Construction-Manager---Savannah--GA_JR5077
"Land Project Manager - Columbia, SC","Columbia, SC",Posted 30+ Days Ago,https://pultegroup.wd1.myworkdayjobs.com/job/Columbia-SC/Assistant-Project-Manager-Land-Planning---Entitlements---Columbia--SC_JR4037
Customer Care Manager II (Wesley Chapel),"Riverview, FL",Posted 30+ Days Ago,https://pultegroup.wd1.myworkdayjobs.com/job/Riverview-FL/Customer-Care-Manager-II--Wesley-Chapel-_JR4529
"General Sales Manager - Myrtle Beach, SC","Myrtle Beach, SC",Posted 30+ Days Ago,https://pultegroup.wd1.myworkdayjobs.com/job/Myrtle-Beach-SC/General-Sales-Manager---Myrtle-Beach--SC_JR5023
Land Coordinator,"Bonita Springs, FL",Posted 30+ Days Ago,https://pultegroup.wd1.myworkdayjobs.com/job/Bonita-Springs-FL/Land-Coordinator_JR5185
"Land Project Manager - Savannah, GA","Hilton Head, SC",Posted 30+ Days Ago,https://pultegroup.wd1.myworkdayjobs.com/job/Hilton-Head-SC/Land-Project-Manager---Hilton-Head--SC_JR4032
"Sales Consultant - San Jose, CA","Pleasanton, CA",Posted 30+ Days Ago,https://pultegroup.wd1.myworkdayjobs.com/job/Pleasanton-CA/Sales-Consultant---San-Jose--CA_JR5207
Assistant Construction Manager,"Albuquerque, NM",Posted 30+ Days Ago,https://pultegroup.wd1.myworkdayjobs.com/job/Albuquerque-NM/Assistant-Construction-Manager_JR4896
Construction Manager,"West Palm Beach, FL",Posted 30+ Days Ago,https://pultegroup.wd1.myworkdayjobs.com/job/West-Palm-Beach-FL/Construction-Manager_JR4851
Land Acquisition Manager,"Riverview, FL",Posted 30+ Days Ago,https://pultegroup.wd1.myworkdayjobs.com/job/Riverview-FL/Land-Acquisition-Manager_JR4404
